status,ds,total,old_name,new_name
renamed,DS2025020033,686,26317000002469413185_Internet Initiative Japan Inc._Wed Jul 08 09_39_12 CST 2026.pdf,26317000002469413185_Internet Initiative Japan Inc.__SDS发票レイザテック 20260701-20260731_686.pdf
renamed,DS2024110047,1169,26317000002469413198_Internet Initiative Japan Inc._Wed Jul 08 09_39_16 CST 2026.pdf,26317000002469413198_Internet Initiative Japan Inc.SDS发票レイザテック 20260701-20260731_1169.pdf
renamed,DS2021080189,3255,26317000002469413234_Internet Initiative Japan Inc._Wed Jul 08 09_39_27 CST 2026.pdf,26317000002469413234_Internet Initiative Japan Inc.SDS发票safous 20260701-20260731_3255.pdf
renamed,DS2024090025,6060,26317000002469413276_Internet Initiative Japan Inc._Wed Jul 08 09_39_41 CST 2026.pdf,26317000002469413276_Internet Initiative Japan Inc.SDS发票レイザテック20260701-20260731_6060.pdf
kept,DS2022110023,3750,26317000002469413318_Internet Initiative Japan Inc._Wed Jul 08 09_45_38 CST 2026.pdf,
kept,DS2023120097,200,26317000002469413321_Internet Initiative Japan Inc._Wed Jul 08 09_45_39 CST 2026.pdf,
kept,DS2023030002,1200,26317000002469413348_Internet Initiative Japan Inc._Wed Jul 08 09_45_48 CST 2026.pdf,
renamed,DS2024100090,4140,26317000002469413367_Internet Initiative Japan Inc._Wed Jul 08 09_45_54 CST 2026.pdf,26317000002469413367_Internet Initiative Japan Inc.SDS发票レイザテック20260701-20260731_4140..pdf
renamed,DS2024110015,1617,26317000002469413381_Internet Initiative Japan Inc._Wed Jul 08 09_45_58 CST 2026.pdf,26317000002469413381_Internet Initiative Japan Inc._SDS发票レイザテック20260701-20260731_1617.pdf
renamed,DS2025110041,3280,26317000002469413458_Internet Initiative Japan Inc._Wed Jul 08 09_54_17 CST 2026.pdf,26317000002469413458_Internet Initiative Japan Inc.SDS发票千寿制药 20260701-20260731_3280.pdf
renamed,DS2024090025,600,26317000002469413478_Internet Initiative Japan Inc._Wed Jul 08 09_54_24 CST 2026.pdf,26317000002469413478_Internet Initiative Japan Inc.SDS发票レイザテック20260701-20260731_600.pdf
kept,DS2022110023,200,26317000002469413511_Internet Initiative Japan Inc._Wed Jul 08 09_59_30 CST 2026.pdf,
kept,DS2025010091,1400,26317000002469413537_Internet Initiative Japan Inc._Wed Jul 08 09_59_38 CST 2026.pdf,
kept,DS2021110005,12100,26317000002469413558_Internet Initiative Japan Inc._Wed Jul 08 09_59_45 CST 2026.pdf,
renamed,DS2025110041,14568,26317000002469413667_Internet Initiative Japan Inc._Wed Jul 08 10_13_58 CST 2026.pdf,26317000002469413667_Internet Initiative Japan Inc.SDS发票千寿制药 20260701-20260731_14568.pdf
renamed,DS2021080189,600,26317000002469413677_Internet Initiative Japan Inc._Wed Jul 08 10_14_01 CST 2026.pdf,26317000002469413677_Internet Initiative Japan Inc._SDS发票safous 20260701-20260731_600.pdf

